id,growth_2_6
7242,8.521940528
7243,8.019855073
7244,2.133350697
7245,3.055468357
7246,3.689765735
7247,9.162852766
7248,3.496685209
7249,3.066925251
7250,6.879524358
7251,6.223606651
7252,4.659998135
7253,0.970085235
7254,6.061263126
7255,3.927565467
7256,2.962634843
7257,6.240577521
7258,6.823684956
7259,0.986623166
7260,7.137446222
7261,7.100278836
7262,2.812501142
7263,5.325718712
7264,2.624366851
7265,4.063614593
7266,3.532163383
7267,4.274106947
7268,4.62092391
7269,3.274720336
7270,4.256742442
7271,7.381556792
7272,6.876806608
7273,2.591170837
7274,1.424365903
7275,0.690032812
7276,4.390332638
7277,1.245951357
7278,0.900649074
7279,2.179819921
7280,0.867753088
7281,5.765663288
7282,9.036853597
7283,9.426685602
7284,8.504644773
7285,3.379893309
7286,5.251639106
7287,7.251579968
7288,5.164722273
7289,4.42137639
7290,0.479954864
7291,0.51885472
7292,8.567659126
7293,8.680864527
7294,3.602825675
7295,3.673125574
7296,4.322550432
7297,8.805378292
7298,0.743771693
7299,8.328244526
7300,4.760214438
7301,9.036527554
7302,0.653448261
7303,9.99368799
7304,9.975441774
7305,7.050475892
7306,4.025871641
7307,6.765372566
7308,6.31180878
7309,3.454769061
7310,2.131163921
7311,2.580630001
7312,0.755144543
7313,8.544950632
7314,9.085145082
7315,2.632010903
7316,1.836210545
7317,7.39626094
7318,6.964970408
7319,6.468636303
7320,8.154577629
7321,9.476086512
7322,5.525035405
7323,8.09650393
7324,9.302181336
7325,9.144262443
7326,0.217258362
7327,8.613829444
7328,8.01086376
7329,4.423448526
7330,4.0469351
7331,0.837994165
7332,1.998349042
7333,0.003275649
7334,4.226878553
7335,4.659358836
7336,7.292659178
7337,2.112352529
7338,1.590216809
7339,6.442404423
7340,4.670505549
7341,5.632592414
7342,3.771764918
7343,2.666694646
7344,1.512666736
7345,6.721607601
7346,2.108942672
7347,1.783792904
7348,9.357208097
7349,5.883890573
7350,6.636761077
7351,0.817174035
7352,8.450577557
7353,6.539872821
7354,3.53783492
7355,6.29533013
7356,2.97388481
7357,7.407106742
7358,4.820527964
7359,4.476712931
7360,0.361561606
7361,4.695599878
7362,6.959191859
7363,1.998496814
7364,0.347960481
7365,1.767587594
7366,8.293685793
7367,6.486494179
7368,6.345233879
7369,2.131198721
7370,9.577368809
7371,6.902598028
7372,8.813797287
7373,9.192758483
7374,4.183703219
7375,1.577205429
7376,6.019914649
7377,4.330539112
7378,0.013353937
7379,6.207880972
7380,3.805200465
7381,6.923049795
7382,4.87612588
7383,0.018058352
7384,5.359527979
7385,9.732713496
7386,5.940363039
7387,3.651389367
7388,6.312968696
7389,2.542202424
7390,1.135045427
7391,0.926674788
7392,1.829366863
7393,5.640070317
7394,6.080607725
7395,0.508737987
7396,7.408634885
7397,2.66466377
7398,6.107282211
7399,6.189930888
7400,6.09557889
7401,1.817489688
7402,5.791439573
7403,3.715821373
7404,9.811814962
7405,4.140984061
7406,1.866030376
7407,7.924385724
7408,6.454869846
7409,1.443497904
7410,6.495136062
7411,3.268846242
7412,0.625682068
7413,9.268879047
7414,4.070543506
7415,9.739189385
7416,7.578859451
7417,5.148082596
7418,8.767287606
7419,6.417602337
7420,7.218411298
7421,4.742994475
7422,3.675305686
7423,8.298223442
7424,2.192543065
7425,1.528603518
7426,0.806635702
7427,5.639141514
7428,1.801869386
7429,3.831735344
7430,6.018184214
7431,4.311489139
7432,8.772023206
7433,4.124477906
7434,0.549721235
7435,8.874163517
7436,1.915772642
7437,5.646782592
7438,2.598750974
7439,6.849027457
7440,9.395939737
7441,5.94744873
7442,2.563729485
7443,8.379602066
7444,1.053380419
7445,6.783419952
7446,8.060937853
7447,1.933062634
7448,2.770433892
7449,8.491998546
7450,6.209129553
7451,5.509891647
7452,0.854372071
7453,3.1158604
7454,2.188184672
7455,1.658974316
7456,1.75230099
7457,8.976347247
7458,2.748499139
7459,4.749661687
7460,8.520185747
7461,5.5028239
7462,2.869526619
7463,4.133240077
7464,7.704246411
7465,4.164536776
7466,7.42070777
7467,5.798580019
7468,0.9829415
7469,6.299105825
7470,4.247985472
7471,1.693957263
7472,1.258644524
7473,6.84365744
7474,3.495208034
7475,9.721397152
7476,9.77760906
7477,8.574882761
7478,3.768636099
7479,8.006723825
7480,2.809156656
7481,1.568214784
7482,3.808296167
7483,0.659746724
7484,5.732680727
7485,5.007123861
7486,3.179397342
7487,0.317826072
7488,4.853577106
7489,4.161289948
7490,9.177405553
7491,8.482463387
7492,7.252221172
7493,0.940971048
7494,2.760960154
7495,5.696600963
7496,3.988385582
7497,8.510302485
7498,2.659286167
7499,7.101269726
7500,1.85682464
7501,3.574414562
7502,6.005642608
7503,6.039663256
7504,0.217181363
7505,4.589228965
7506,4.986980928
7507,0.669276535
7508,3.168308879
7509,7.935482561
7510,1.642701852
7511,3.962510436
7512,8.745734478
7513,9.273760834
7514,1.031101055
7515,9.079245797
7516,7.15331636
7517,5.693860904
7518,4.87206325
7519,3.751016169
7520,2.793645968
7521,8.554257506
7522,6.518755129
7523,6.225527244
7524,0.353299805
7525,4.162482754
7526,9.664383859
7527,6.617398536
7528,5.956943644
7529,0.523149602
7530,4.237459815
7531,0.918330064
7532,7.897787285
7533,8.176823012
7534,3.301493151
7535,0.686708178
7536,9.013584016
7537,6.500080486
7538,9.787074691
7539,7.04919563
7540,1.140421095
7541,1.700628183
7542,9.393461574
7543,4.098803159
7544,6.514424177
7545,8.699720896
7546,6.458739754
7547,5.032599302
7548,4.004840383
7549,0.029499341
7550,4.493534786
7551,4.416787168
7552,9.13660772
7553,8.250463823
7554,5.949698804
7555,3.363547553
7556,5.799694301
7557,1.556102489
7558,9.232990962
7559,9.141526706
7560,9.140961791
7561,8.262426681
7562,1.089463803
7563,4.709536719
7564,5.574762639
7565,2.767290303
7566,8.24006526
7567,7.436615433
7568,0.533232821
7569,3.552287481
7570,6.600971915
7571,7.58436143
7572,6.203062149
7573,3.44294375
7574,3.84396413
7575,4.789603265
7576,9.327346045
7577,3.886250979
7578,0.366024247
7579,5.370191703
7580,1.727600908
7581,1.328197656
7582,8.287858144
7583,0.036919337
7584,2.298735529
7585,8.024470441
7586,5.835318883
7587,4.469431727
7588,1.540929877
7589,8.571869873
7590,9.041997192
7591,2.087119109
7592,8.96056747
7593,2.994553913
7594,5.856647657
7595,4.237688442
7596,9.427663392
7597,3.381054943
7598,4.390486073
7599,7.458717154
7600,9.213182819
7601,4.780146198
7602,3.532645086
7603,8.190488022
7604,9.415879982
7605,3.426400468
7606,7.584460895
7607,4.643067376
7608,0.822955483
7609,2.911532435
7610,8.884921131
7611,6.501529977
7612,7.69574766
7613,1.427009624
7614,2.795835189
7615,1.977399886
7616,7.698223064
7617,0.942579129
7618,0.392046631
7619,0.103892057
7620,9.035661298
7621,8.247970353
7622,5.549521841
7623,2.09999824
7624,0.112593209
7625,9.972046389
7626,8.650586738
7627,4.842620801
7628,2.691837744
7629,6.806358583
7630,1.809266309
7631,3.593521771
7632,1.524589566
7633,7.290555389
7634,3.746110023
7635,5.014913721
7636,6.211858221
7637,6.269768713
7638,0.746078277
7639,2.751473733
7640,8.617088833
7641,0.467690451
7642,9.663007928
7643,5.676201646
7644,9.632886239
7645,9.604443282
7646,3.723835617
7647,2.780540671
7648,5.626434521
7649,1.360824172
7650,4.219361733
7651,7.17801357
7652,9.759432052
7653,4.112500142
7654,7.401073331
7655,0.866068935
7656,9.990873255
7657,5.460065704
7658,9.712464533
7659,1.31421279
7660,5.497496386
7661,3.275181315
7662,1.047010754
7663,4.777461736
7664,9.606037498
7665,7.927078274
7666,0.062841432
7667,4.488268534
7668,7.255009841
7669,8.367878008
7670,3.005665779
7671,1.626267882
7672,7.398097049
7673,2.526222008
7674,2.055249964
7675,0.363032989
7676,4.970027884
7677,1.268687808
7678,1.177592435
7679,6.890570488
7680,6.896096586
7681,3.001106844
7682,0.08169546
7683,4.762004773
7684,0.510586346
7685,4.002215176
7686,3.592835853
7687,3.298221629
7688,3.839696288
7689,9.540583602
7690,2.824529269
7691,6.361176758
7692,0.14694786
7693,0.464802542
7694,5.340715051
7695,8.478554759
7696,4.019685976
7697,6.562330907
7698,7.485692392
7699,0.700255113
7700,4.087003666
7701,9.354513714
7702,8.244337059
7703,8.939087542
7704,2.71657486
7705,4.219778015
7706,8.794728123
7707,7.762350905
7708,5.105485515
7709,2.718719682
7710,9.397715701
7711,3.444513473
7712,8.514522915
7713,9.291138566
7714,4.136374364
7715,6.395904777
7716,4.840301896
7717,7.14120976
7718,7.16168106
7719,8.92861645
7720,5.115443478
7721,6.662226872
7722,4.561716148
7723,2.873243877
7724,2.821372081
7725,5.757454959
7726,1.075273803
7727,1.079436342
7728,2.371563912
7729,0.146436114
7730,3.080704739
7731,3.8462386
7732,7.435816984
7733,6.108765069
7734,9.391754689
7735,1.164971382
7736,9.307736705
7737,3.258145135
7738,5.037716224
7739,8.482638325
7740,2.468272209
7741,5.54319004
7742,2.700106308
7743,7.789266901
7744,4.490821221
7745,6.035570705
7746,8.493749506
7747,1.489453101
7748,2.751039381
7749,2.912891081
7750,1.803732229
7751,8.840869837
7752,5.611966662
7753,4.67162985
7754,2.320896999
7755,0.448016804
7756,1.899362202
7757,1.883476304
7758,1.755856078
7759,4.225603281
7760,2.471976493
7761,7.143325684
7762,8.470454343
7763,0.543742933
7764,3.243127412
7765,4.936692933
7766,9.293024358
7767,3.505225356
7768,1.590514036
7769,4.557457457
7770,8.360967495
7771,9.238128208
7772,4.378098559
7773,6.28001916
7774,6.893777233
7775,2.412586768
7776,7.850437297
7777,1.827664522
7778,8.898852327
7779,8.397042832
7780,8.617032068
7781,0.64742235
7782,4.256808021
7783,4.584906806
7784,4.184089884
7785,9.995623735
7786,8.81144634
7787,2.058115079
7788,2.296791234
7789,0.858713655
7790,4.987975259
7791,5.269954107
7792,2.612855974
7793,7.298807933
7794,4.149619653
7795,7.399640922
7796,5.407170374
7797,7.591887048
7798,3.983756065
7799,6.694767369
7800,9.763893368
7801,5.259471343
7802,6.349657648
7803,6.460255358
7804,4.732260261
7805,3.797562898
7806,2.033098948
7807,5.141690898
7808,2.647912346
7809,7.179065926
7810,9.924752965
7811,0.239699544
7812,2.412409177
7813,3.723994675
7814,6.999890322
7815,8.477952839
7816,9.63168806
7817,4.73425444
7818,2.78464994
7819,2.877603961
7820,8.69805184
7821,4.777474221
7822,3.686098599
7823,8.982197553
7824,3.643107599
7825,6.057385832
7826,0.553535863
7827,0.806558521
7828,4.014968724
7829,9.561636029
7830,7.772416218
7831,6.22750074
7832,2.215666205
7833,4.015095204
7834,0.011072584
7835,1.538245395
7836,9.590980652
7837,5.520119898
7838,4.060146365
7839,4.428860969
7840,3.796431036
7841,3.060304114
7842,0.850331105
7843,4.176476124
7844,8.558998647
7845,5.144406889
7846,7.658901934
7847,6.522001659
7848,1.411803371
7849,0.538115008
7850,6.414015092
7851,5.346969976
7852,8.20582952
7853,2.467394279
7854,1.126062655
7855,5.019468805
7856,5.993366092
7857,9.857488883
7858,9.445891259
7859,9.43219235
7860,9.409556731
7861,1.653054877
7862,6.046411715
7863,8.293794749
7864,3.079979495
7865,8.148360271
7866,2.590970066
7867,0.373386526
7868,5.777051343
7869,5.586960193
7870,7.732529295
7871,1.262719917
7872,3.467116053
7873,6.621551903
7874,6.510947161
7875,2.065183969
7876,7.413730075
7877,5.277546634
7878,0.828795657
7879,2.889501286
7880,2.015784473
7881,6.628357057
7882,6.254892816
7883,4.391195362
7884,4.76961198
7885,5.883143421
7886,7.884069558
7887,5.946502527
7888,0.393132327
7889,8.720747579
7890,4.395546733
7891,0.552405881
7892,1.403939001
7893,8.025211383
7894,0.707956229
7895,4.485047168
7896,8.062239403
7897,4.835943201
7898,3.318425299
7899,9.344050755
7900,3.720437884
7901,8.009634029
7902,7.255580135
7903,0.689950089
7904,0.706793125
7905,3.591694832
7906,8.410745454
7907,4.183686625
7908,6.926027406
7909,3.144021681
7910,9.614572547
7911,7.106650328
7912,2.361725193
7913,9.514043645
7914,8.365524203
7915,8.961438435
7916,5.60555457
7917,0.337565131
7918,4.123416497
7919,8.102247028
7920,6.22370725
7921,6.544750257
7922,9.496600946
7923,7.669592586
7924,9.463134582
7925,5.902057668
7926,2.2172194
7927,4.842574442
7928,2.906521435
7929,5.057630023
7930,5.656716003
7931,4.909522763
7932,8.615535975
7933,0.339119071
7934,7.074631651
7935,5.657716153
7936,8.851673666
7937,6.548963513
7938,1.650416768
7939,9.956283316
7940,4.568406834
7941,8.7710567
7942,4.338867027
7943,5.37615715
7944,0.221561234
7945,1.845865284
7946,8.958794059
7947,2.42166187
7948,0.240708575
7949,0.398757472
7950,9.12212432
7951,0.910618474
7952,7.979834914
7953,6.554786172
7954,4.02263868
7955,0.371492652
7956,7.640389999
7957,2.872304342
7958,5.768572206
7959,1.637866594
7960,2.070653279
7961,3.225838951
7962,1.104993266
7963,7.165124
7964,0.138200249
7965,3.385793239
7966,2.514070703
7967,8.952863286
7968,2.661146727
7969,8.103372912
7970,6.845838508
7971,7.667991522
7972,8.643160493
7973,4.307129968
7974,9.691923038
7975,1.919901853
7976,3.949669128
7977,7.12714295
7978,4.798497922
7979,2.907693902
7980,0.335947543
7981,8.261981464
7982,2.31146119
7983,6.592900678
7984,2.410973568
7985,9.393191885
7986,7.229473085
7987,2.116712259
7988,4.902012835
7989,1.673668598
7990,7.793339632
7991,2.286825752
7992,6.037848901
7993,9.110503553
7994,3.337699423
7995,7.68512579
7996,5.862513212
7997,9.068970649
7998,6.636575252
7999,5.427009521
8000,8.605326441
8001,8.096038115
8002,4.126328989
8003,9.746666778
8004,0.644677326
8005,7.906763001
8006,4.604030351
8007,8.979738233
8008,9.124240832
8009,7.839910605
8010,0.004397743
8011,0.086658527
8012,7.492402419
8013,2.392941223
8014,2.521987354
8015,3.451681375
8016,0.813838123
8017,8.849662637
8018,1.339274315
8019,9.961263895
8020,6.082481879
8021,8.035609817
8022,8.803444826
8023,6.749617475
8024,1.131453526
8025,0.135807865
8026,4.855534588
8027,0.978150581
8028,2.930691458
8029,2.394936793
8030,3.165138364
8031,3.733024047
8032,2.539396117
8033,5.983447744
8034,4.87705999
8035,4.911045208
8036,5.744639049
8037,7.567056548
8038,4.698071852
8039,6.822455326
8040,3.799113498
8041,2.205585847
8042,0.772010978
8043,6.495712486
8044,3.6918316
8045,1.963842019
8046,4.632593571
8047,6.403787825
8048,1.926086785
8049,8.912239586
8050,9.718519195
8051,7.924109474
8052,9.10854763
8053,1.93307793
8054,0.778960828
8055,1.462473336
8056,3.682108819
8057,3.935256204
8058,2.744905935
8059,3.683479042
8060,0.47721657
8061,1.043827968
8062,6.254238895
8063,4.666180196
8064,5.510707704
8065,0.741444924
8066,9.242316745
8067,8.722750427
8068,8.17170855
8069,7.885709023
8070,9.2124521
8071,7.265171818
8072,6.774206106
8073,3.26977323
8074,1.302804321
8075,7.101874852
8076,2.446556939
8077,7.371890757
8078,8.311712598
8079,9.118729061
8080,5.520575759
8081,1.894782953
8082,1.567380279
8083,9.531195214
8084,4.86658793
8085,2.103932517
8086,3.664946136
8087,9.430596285
8088,9.322160953
8089,5.25060302
8090,5.779315446
8091,8.835215855
8092,1.529095855
8093,2.653551004
8094,2.371356172
8095,1.390557551
8096,4.518046425
8097,0.271230208
8098,6.328953731
8099,6.901563312
8100,3.623757567
8101,4.412517376
8102,0.051621184
8103,7.693343442
8104,5.604093112
8105,3.326240223
8106,7.081594727
8107,2.113115727
8108,6.48393685
8109,4.935709103
8110,1.280457632
8111,1.637374845
8112,4.570447951
8113,0.301267797
8114,7.31354944
8115,4.190783994
8116,8.777654346
8117,5.874154209
8118,8.07640399
8119,1.964778116
8120,2.312110488
8121,9.712933205
8122,0.045098141
8123,4.334367057
8124,8.866677958
8125,6.642975655
8126,4.944938607
8127,3.669510552
8128,5.86445236
8129,7.580696294
8130,8.001798724
8131,8.161780639
8132,5.700273792
8133,6.092116646
8134,1.632698634
8135,2.292521104
8136,7.94822327
8137,3.622204048
8138,2.267249277
8139,9.338043701
8140,1.462063323
8141,8.831214235
8142,0.193782842
8143,5.720487281
8144,9.787246182
8145,2.531731224
8146,7.142688135
8147,4.363442301
8148,0.450288127
8149,6.774956297
8150,2.028803512
8151,4.39651395
8152,5.332851064
8153,8.100441675
8154,3.405354251
8155,1.206338508
8156,8.667117152
8157,0.636686248
8158,3.758854358
8159,4.704883656
8160,5.43883739
8161,4.560562682
8162,7.038018275
8163,4.457223615
8164,5.276032514
8165,1.500061084
8166,5.060505666
8167,3.242296781
8168,9.783628592
8169,5.262665987
8170,0.668624305
8171,6.191856886
8172,9.302057451
8173,6.406933764
8174,6.129849987
8175,3.203078935
8176,2.515299427
8177,3.362808892
8178,7.410348863
8179,4.032058044
8180,1.474313056
8181,0.079858232
8182,1.151080584
8183,4.994878248
8184,5.528179855
8185,6.384168762
8186,8.185323857
8187,5.438038973
8188,7.412730016
8189,4.407868733
8190,3.880398544
8191,0.673916822
8192,6.339084171
8193,2.478468563
8194,5.183428415
8195,0.389914853
8196,5.293342829
8197,1.249639836
8198,0.361603435
8199,7.957943662
8200,4.368900602
8201,5.322117961
8202,1.809464512
8203,4.077041598
8204,3.335244506
8205,5.482461201
8206,0.014025373
8207,5.188015409
8208,6.958153189
8209,4.588570007
8210,8.765755021
8211,1.007711588
8212,1.283096974
8213,1.449144298
8214,2.105381396
8215,3.343342403
8216,6.088137544
8217,8.307098158
8218,3.195457357
8219,0.048718387
8220,8.641790664
8221,1.673772009
8222,6.073637383
8223,2.130593474
8224,7.622517656
8225,2.25284231
8226,2.261094538
8227,7.685573385
8228,2.890745472
8229,7.251448056
8230,7.120117223
8231,5.303462191
8232,6.772592254
8233,3.342001652
8234,3.129871498
8235,4.716378012
8236,6.967002277
8237,3.757426337
8238,4.059699422
8239,6.955863363
8240,8.081677545
8241,3.75470165
8242,9.266729719
8243,0.006606469
8244,3.188958903
8245,7.851063439
8246,1.920509282
8247,9.960253401
8248,0.590916964
8249,0.318627978
8250,6.570807759
8251,5.176538707
8252,8.58259757
8253,4.391358366
8254,7.228491749
8255,3.862899975
8256,4.5412654
8257,3.292182339
8258,2.125297182
8259,7.144790737
8260,0.802965002
8261,8.326106018
8262,2.845359599
8263,7.175780669
8264,0.621616791
8265,0.123791337
8266,5.504652961
8267,3.84606674
8268,0.131104127
8269,8.268621926
8270,7.077580857
8271,6.618645012
8272,4.288807596
8273,9.047982774
8274,7.2718792
8275,9.48188731
8276,6.542076426
8277,6.706648016
8278,8.351720491
8279,1.925221966
8280,8.836157581
8281,5.466383505
8282,9.01964561
8283,6.303507796
8284,1.551948702
8285,5.757993213
8286,1.111068016
8287,8.352864636
8288,6.994226982
8289,2.64527324
8290,5.598670764
8291,8.497488906
8292,3.347249046
8293,6.432359912
8294,6.50982067
8295,7.875415337
8296,2.849555261
8297,1.838196816
8298,2.169561221
8299,3.273680947
8300,6.514115192
8301,8.982648697
8302,0.124921966
8303,8.854782615
8304,1.378646738
8305,8.945423149
8306,6.827433311
8307,6.06386458
8308,1.360056935
8309,6.978690649
8310,2.630081257
8311,7.286298391
8312,6.6728488
8313,4.203063777
8314,5.973660856
8315,2.345059153
8316,7.328769039
8317,7.646325014
8318,6.648927839
8319,2.39490572
8320,9.746900073
8321,7.242127983
8322,9.607317902
8323,3.376939802
8324,8.446207864
8325,3.5186159
8326,2.795436005
8327,9.529956378
8328,8.89317239
8329,4.260874139
8330,2.776637589
8331,5.055082228
8332,6.85495472
8333,9.887780372
8334,2.639832568
8335,3.437073409
8336,5.725497698
8337,3.102424157
8338,0.946683852
8339,9.442982689
8340,7.289844984
8341,8.746932165
8342,9.104491006
8343,9.013219893
8344,3.226748035
8345,4.639361096
8346,2.292872233
8347,9.856390054
8348,9.447288381
8349,5.680902906
8350,8.01720739
8351,0.846796892
8352,3.19784726
8353,2.835929805
8354,2.927201545
8355,8.837626041
8356,2.861391971
8357,7.955267866
8358,6.852174637
8359,1.784275346
8360,6.220308965
8361,8.482842423
8362,5.176627445
8363,9.046086402
8364,1.224565065
8365,0.691133658
8366,0.547531873
8367,1.763274847
8368,8.5080852
8369,9.052645897
8370,0.202286232
8371,6.257955145
8372,6.403730973
8373,4.916881784
8374,7.461823525
8375,9.225439102
8376,7.9309421
8377,6.754154582
8378,8.714540803
8379,5.619004767
8380,6.376668629
8381,8.337580617
8382,0.990596743
8383,6.357628421
8384,4.8441836
8385,4.718004616
8386,6.131532265
8387,8.794664214
8388,7.436897228
8389,9.442973545
8390,1.140134123
8391,5.885945369
8392,4.693243212
8393,6.94855199
8394,8.231314868
8395,2.999246661
8396,6.17573883
8397,3.567070074
8398,9.536193892
8399,4.637592379
8400,3.726151057
8401,5.524976746
8402,7.988988849
8403,0.374397243
8404,5.793470022
8405,9.79987529
8406,5.053741088
8407,8.455368661
8408,7.709532161
8409,2.486240299
8410,4.19170035
8411,5.380094672
8412,6.369164146
8413,2.212829304
8414,6.56497816
8415,7.518228831
8416,4.585608064
8417,8.15148185
8418,4.2592264
8419,8.006212123
8420,5.206271581
8421,8.564291731
8422,6.841482328
8423,4.826499999
8424,1.31449524
8425,7.516738165
8426,5.338898656
8427,8.74060442
8428,5.49998195
8429,8.437343882
8430,1.106680359
8431,2.826698546
8432,1.589330157
8433,4.16776573
8434,5.257761068
8435,4.086934186
8436,3.541275136
8437,6.588408345
8438,2.776245258
8439,4.851517347
8440,9.551843599
8441,2.553758441
8442,2.73774971
8443,7.488269138
8444,7.359165051
8445,3.805996078
8446,3.12735026
8447,3.376417068
8448,1.343499961
8449,8.964960628
8450,0.60496791
8451,9.742426404
8452,5.27916268
8453,8.469046344
8454,8.161519107
8455,9.081655408
8456,9.886827138
8457,8.858846691
8458,4.733302778
8459,6.417858834
8460,3.849338751
8461,0.854841855
8462,1.017487813
8463,5.374705402
8464,2.427553081
8465,7.972171761
8466,4.128568977
8467,8.677261661
8468,4.509853911
8469,6.31101665
8470,7.035311527
8471,7.398802154
8472,5.089730159
8473,0.983553591
8474,6.300488592
8475,3.052677119
8476,7.158517958
8477,3.242330799
8478,0.598217712
8479,5.336066337
8480,6.923189293
8481,8.046321752
8482,8.230193801
8483,7.189841828
8484,1.056784496
8485,7.869150945
8486,9.377410361
8487,5.413478919
8488,7.119483823
8489,6.300045839
8490,6.792024199
8491,5.978877619
8492,4.148433455
8493,7.171235998
8494,8.549573068
8495,2.781549003
8496,6.192042782
8497,3.458482954
8498,2.834590119
8499,6.811049683
8500,7.913041582
8501,6.49785234
8502,5.972712076
8503,1.823993128
8504,4.031469396
8505,2.069201761
8506,9.603464796
8507,4.900018458
8508,8.460321506
8509,4.640472258
8510,7.843416865
8511,0.252232865
8512,7.61395644
8513,0.939298208
8514,6.201520923
8515,9.370714685
8516,5.566510086
8517,7.273880489
8518,9.958799928
8519,6.734277373
8520,6.473752238
8521,8.336669472
8522,9.317066163
8523,9.649576303
8524,3.600499249
8525,4.628355683
8526,4.11049613
8527,3.026698424
8528,9.4185716
8529,3.967755563
8530,3.894046212
8531,1.453646303
8532,6.275835519
8533,5.617732829
8534,9.077557519
8535,9.650551075
8536,5.061615885
8537,8.886216493
8538,1.509688504
8539,9.473818062
8540,3.503789874
8541,5.075017965
8542,8.614592402
8543,8.806027686
8544,6.039888073
8545,7.472356574
8546,5.080704192
8547,8.789849024
8548,4.544832556
8549,8.591902322
8550,2.764218042
8551,2.825841787
8552,2.947112315
8553,1.396191133
8554,5.768179235
8555,5.905302338
8556,7.038262534
8557,0.152343764
8558,5.524922107
8559,4.627725137
8560,1.276761182
8561,8.340013706
8562,9.173702975
8563,8.612694928
8564,8.4663908
8565,8.085992841
8566,0.434754221
8567,2.671248089
8568,4.949206585
8569,6.836530868
8570,4.081053855
8571,9.897546356
8572,2.484607327
8573,5.85701373
8574,1.484682481
8575,4.815823932
8576,8.880195928
8577,1.292615417
8578,0.290481534
8579,2.069006725
8580,3.104658808
8581,0.938571762
8582,1.234138165
8583,8.20965634
8584,7.019670072
8585,4.356100632
8586,0.16669903
8587,3.18870172
8588,3.791965975
8589,2.17989728
8590,5.325492105
8591,4.363789696
8592,6.981206175
8593,1.830998925
8594,1.084289409
8595,9.234919431
8596,2.560932114
8597,5.042836471
8598,2.701804595
8599,3.028293017
8600,7.538596462
8601,4.329603533
8602,2.630966413
8603,0.558110302
8604,5.99734526
8605,9.751181361
8606,1.316124365
8607,6.184132327
8608,0.414103749
8609,3.717104742
8610,1.60658337
8611,7.440239589
8612,4.286205893
8613,3.582067122
8614,2.034365928
8615,1.862628725
8616,6.653256622
8617,1.105851868
8618,3.441321835
8619,3.830844661
8620,2.13743847
8621,1.499801077
8622,9.443040671
8623,9.934448267
8624,0.133728815
8625,0.60723728
8626,2.580039198
8627,1.927050522
8628,8.708814555
8629,3.770751107
8630,9.966262435
8631,3.179258142
8632,6.272326091
8633,7.111482642
8634,6.950028205
8635,5.049806673
8636,1.125884971
8637,1.222710937
8638,7.696351576
8639,1.092673425
8640,1.349250155
8641,0.858430439
8642,9.944823774
8643,8.669676664
8644,3.554610019
8645,6.495277565
8646,0.063474287
8647,3.434213688
8648,6.184267291
8649,1.525256539
8650,9.762202288
8651,5.636472376
8652,5.111730563
8653,4.466661086
8654,6.497460157
8655,8.78313285
8656,1.748667653
8657,2.695296742
8658,2.738461114
8659,6.721180519
8660,4.260723733
8661,9.910322524
8662,6.781562685
8663,9.266554713
8664,4.68411498
8665,6.4002011
8666,7.093938525
8667,6.510747937
8668,9.486332516
8669,3.194669445
8670,7.364990772
8671,0.119104309
8672,8.727435139
8673,2.951416226
8674,5.614520658
8675,8.482437937
8676,4.941904826
8677,3.610858171
8678,9.822145819
8679,8.199049552
8680,8.621170012
8681,9.65516339
8682,4.581030396
8683,0.054123558
8684,5.0941818
8685,8.785461518
8686,2.33005336
8687,1.974319517
8688,6.539335086
8689,9.867941016
8690,6.334752517
8691,0.853455148
8692,3.342279904
8693,4.130938943
8694,7.15085944
8695,8.481139467
8696,6.849033968
8697,7.31201628
8698,3.684350266
8699,7.432998304
8700,7.032157973
8701,5.797701447
8702,2.73497762
8703,8.125442188
8704,2.528429411
8705,6.837414852
8706,2.146168106
8707,8.739844415
8708,1.321776272
8709,9.32694005
8710,3.854238332
8711,8.341935385
8712,7.619523739
8713,8.514873806
8714,4.777285259
8715,0.469947406
8716,3.490611414
8717,7.49296092
8718,6.644084316
8719,1.902689679
8720,0.528793041
8721,7.431818302
8722,2.356448165
8723,5.464790462
8724,1.609110997
8725,7.494802695
8726,5.608317601
8727,7.106793842
8728,7.591397198
8729,3.649942398
8730,6.80674833
8731,7.109490042
8732,8.08882161
8733,8.775162673
8734,8.076492942
8735,6.682113539
8736,7.173033409
8737,8.1698364
8738,8.932395337
8739,6.587110001
8740,9.278951894
8741,9.269481201
8742,7.085950482
8743,4.886431474
8744,1.096085903
8745,6.869702552
8746,4.143766217
8747,7.091186677
8748,4.32759535
8749,2.493582848
8750,3.089241352
8751,2.678298002
8752,1.020513569
8753,5.909245811
8754,1.093373252
8755,3.401936226
8756,6.759627809
8757,1.56536857
8758,4.172941901
8759,7.028742775
8760,7.799923451
8761,5.433101334
8762,2.188920643
8763,4.580780351
8764,4.029655824
8765,4.965211151
8766,5.442952108
8767,0.691191853
8768,2.778891641
8769,8.276378744
8770,3.706527995
8771,5.15636744
8772,6.106957933
8773,0.030243856
8774,4.016599887
8775,0.746745322
8776,2.589310397
8777,5.463136638
8778,2.33644255
8779,3.852814863
8780,5.178808517
8781,9.845319913
8782,7.422910748
8783,4.80247388
8784,6.18184581
8785,8.677289617
8786,3.180728336
8787,2.780405241
8788,9.322161598
8789,3.218093284
8790,0.173024148
8791,9.800336122
8792,2.306936501
8793,4.126828558
8794,1.460220398
8795,5.023046104
8796,9.857287124
8797,9.325456555
8798,5.563540554
8799,1.136755755
8800,3.7987948
8801,9.365715253
8802,6.648752113
8803,2.725169638
8804,0.632825314
8805,6.528925243
8806,8.465774478
8807,3.529809867
8808,2.182709034
8809,5.934171098
8810,3.819933572
8811,8.93741983
8812,7.327857245
8813,7.931695744
8814,6.470280284
8815,2.400312249
8816,1.172679474
8817,4.468740584
8818,7.725139681
8819,5.972533754
8820,7.580405735
8821,0.98199158
8822,4.849479766
8823,5.668431746
8824,7.428918245
8825,3.196901995
8826,4.19191842
8827,3.948198517
8828,3.906602505
8829,0.829450012
8830,5.107359146
8831,6.801418215
8832,1.204681893
8833,7.584678062
8834,5.407880283
8835,2.054545009
8836,7.17331102
8837,6.24834714
8838,2.563669522
8839,8.907308697
8840,4.17323586
8841,1.665546669
8842,9.593364567
8843,3.384330403
8844,5.641804918
8845,4.566362306
8846,1.829392278
8847,9.112609302
8848,3.624540622
8849,4.070515693
8850,7.783422141
8851,8.223749669
8852,0.191131651
8853,8.967932359
8854,0.587715164
8855,6.1190992
8856,8.198360963
8857,8.032811938
8858,2.856615905
8859,7.483274726
8860,0.916063041
8861,5.32944982
8862,5.538607029
8863,8.631963111
8864,6.707798841
8865,2.446740882
8866,8.631480123
8867,0.476438838
8868,0.19313024
8869,9.180902748
8870,7.0789295
8871,7.92728233
8872,1.800893554
8873,6.609626386
8874,4.566325664
8875,5.483103347
8876,6.17779589
8877,5.670507245
8878,6.016125182
8879,7.41165689
8880,5.066328206
8881,4.459248885
8882,4.154283849
8883,1.892247132
8884,1.967449129
8885,6.203190944
8886,9.207227012
8887,8.670007965
8888,5.202144293
8889,1.993346529
8890,2.161029609
8891,7.071522147
8892,8.265588942
8893,7.788260132
8894,4.263468879
8895,3.159540424
8896,6.883667147
8897,7.361610614
8898,5.549036888
8899,9.116031617
8900,5.796185629
8901,2.661293213
8902,2.754322544
8903,5.288554854
8904,0.836882669
8905,6.560726825
8906,5.759564694
8907,7.98359664
8908,1.213776228
8909,5.0293538
8910,4.197571818
8911,2.476431592
8912,0.694778876
8913,2.344725615
8914,8.642160759
8915,2.440068025
8916,8.757606287
8917,2.427436007
8918,7.900899228
8919,9.502201433
8920,5.241670493
8921,2.087430974
8922,6.737044517
8923,3.18222968
8924,1.178135191
8925,5.176330009
8926,9.577257283
8927,4.282433119
8928,9.311823968
8929,0.717722492
8930,0.679750342
8931,0.517543862
8932,4.149463829
8933,7.034376763
8934,0.779573329
8935,3.078866742
8936,2.390590642
8937,0.850765548
8938,4.976383736
8939,5.101911322
8940,3.119129082
8941,7.760861725
8942,0.462161515
8943,4.791620721
8944,6.887563214
8945,4.771689208
8946,8.924001902
8947,3.023528306
8948,0.572965186
8949,7.851306326
8950,9.076991286
8951,4.011440956
8952,2.428676984
8953,9.033510889
8954,1.052874925
8955,9.272388816
8956,8.092355831
8957,6.187698749
8958,7.56924472
8959,7.041943996
8960,1.132365306
8961,6.618021988
8962,0.69915614
8963,2.86775955
8964,0.990924155
8965,4.254794417
8966,3.460954535
8967,7.562177552
8968,7.676480386
8969,1.453055647
8970,4.263122074
8971,6.633728693
8972,1.427876555
8973,0.074525015
8974,2.072493577
8975,0.600588521
8976,7.195087088
8977,8.266942798
8978,7.11490881
8979,0.852064563
8980,2.464341837
8981,1.90194877
8982,2.160526622
8983,4.035999305
8984,4.010774825
8985,9.862410623
8986,4.278207454
8987,4.048073747
8988,1.176366099
8989,8.60057013
8990,7.518698716
8991,0.152929439
8992,0.548761136
8993,4.453986475
8994,4.119645575
8995,7.199289479
8996,0.450468739
8997,6.830301779
8998,4.777681754
8999,2.919560606
9000,0.872860367
9001,0.671627183
9002,2.67000331
9003,6.631426622
9004,9.400662794
9005,2.326872314
9006,0.707030235
9007,4.34536394
9008,8.160431024
9009,9.892727243
9010,9.249795384
9011,9.335725627
9012,5.246385771
9013,2.055751346
9014,9.473079162
9015,4.700072864
9016,7.426935026
9017,9.072262939
9018,9.756932586
9019,6.337527608
9020,5.628226515
9021,1.985352684
9022,4.537891196
9023,0.583872812
9024,5.216383138
9025,9.717561334
9026,4.736060177
9027,8.856338175
9028,8.946332717
9029,6.863521198
9030,6.924517755
9031,2.113739602
9032,0.203310433
9033,1.970843198
9034,9.416387777
9035,8.649675743
9036,1.079290958
9037,6.809030579
9038,1.619713167
9039,2.217123964
9040,4.146030784
9041,1.681374549
9042,9.827077781
9043,4.647441912
9044,4.430261298
9045,2.297173624
9046,8.735146889
9047,2.52791827
9048,4.283433086
9049,4.288572715
9050,9.189859123
9051,4.122223234
9052,8.382895364
9053,9.783055242
9054,0.87354937
9055,4.224080345
9056,6.601485225
9057,2.236820148
9058,1.352462019
9059,0.860646563
9060,7.722707309
9061,9.071394259
9062,7.770638309
9063,8.569779434
9064,7.297777233
9065,6.596445029
9066,4.457029937
9067,2.777845635
9068,2.184824645
9069,9.534500461
9070,8.695184983
9071,6.090168867
9072,8.663873869
9073,2.997380365
9074,5.211792974
9075,9.990810965
9076,8.069436378
9077,2.765705664
9078,8.512618464
9079,9.042038966
9080,9.683293291
9081,9.386724957
9082,4.247784911
9083,6.555796844
9084,3.027418876
9085,6.990198955
9086,3.054770669
9087,7.439606039
9088,8.7790692
9089,9.925290824
9090,4.916199071
9091,9.362226439
9092,8.713897827
9093,5.862537494
9094,1.833043477
9095,3.537389262
9096,5.775914466
9097,8.474165868
9098,5.186219842
9099,9.283026425
9100,3.709417797
9101,3.210186529
9102,1.254991835
9103,5.025089874
9104,3.345573271
9105,2.137439271
9106,0.198010326
9107,9.976897246
9108,7.618495106
9109,0.21460186
9110,8.284892519
9111,9.611230685
9112,8.611952201
9113,4.190489866
9114,7.691312303
9115,4.301946179
9116,0.353243421
9117,6.346384785
9118,9.237400165
9119,8.801847261
9120,9.634096349
9121,4.658159498
9122,0.911361432
9123,5.193700382
9124,0.754871761
9125,8.688824167
9126,8.153105709
9127,1.587442172
9128,1.588885803
9129,4.442316275
9130,7.512531552
9131,2.333783718
9132,2.366546958
9133,4.427895857
9134,5.927405453
9135,8.554387574
9136,4.929935112
9137,0.458140854
9138,0.660274384
9139,5.409556547
9140,1.142041284
9141,7.151016842
9142,1.842851961
9143,2.884132993
9144,0.386338539
9145,2.007544301
9146,8.969288834
9147,3.296386301
9148,8.950398424
9149,3.753305853
9150,1.399908742
9151,2.534406328
9152,6.916734979
9153,8.643952931
9154,9.960648618
9155,7.573773051
9156,0.843235248
9157,0.386882787
9158,1.201848525
9159,8.20510221
9160,0.836125366
9161,7.866173394
9162,1.860863092
9163,3.784591921
9164,9.498309887
9165,2.707690554
9166,6.300526333
9167,6.465702621
9168,8.271428848
9169,1.233202256
9170,2.333150041
9171,4.552029215
9172,1.714151414
9173,0.198296665
9174,8.033600358
9175,6.384661371
9176,8.555614934
9177,8.627080998
9178,2.432114435
9179,3.838224964
9180,9.065943166
9181,9.261769508
9182,3.453851253
9183,8.146950534
9184,7.694697437
9185,1.089367876
9186,9.736099864
9187,7.085781558
9188,6.656359195
9189,8.3711262
9190,7.886701887
9191,1.318179751
9192,2.88545029
9193,5.2420738
9194,7.377869914
9195,1.91717959
9196,9.967061702
9197,4.926186224
9198,5.028863917
9199,5.494514759
9200,6.164443126
9201,8.809743779
9202,1.495149504
9203,2.382766359
9204,5.835984358
9205,1.239917706
9206,6.315997477
9207,3.014925777
9208,7.421744698
9209,8.829617798
9210,7.310371023
9211,0.920424251
9212,7.757493261
9213,4.408024329
9214,7.34438625
9215,0.754724748
9216,9.807932689
9217,2.461057716
9218,3.000086467
9219,6.463308455
9220,4.720398041
9221,6.05324588
9222,0.987771521
9223,4.156541052
9224,1.38552314
9225,6.11822907
9226,3.341760338
9227,7.653979123
9228,8.479146519
9229,6.436936751
9230,5.155977345
9231,3.127313739
9232,9.876569228
9233,3.286207366
9234,1.0418124
9235,5.490338985
9236,1.439405606
9237,1.678203501
9238,9.016252681
9239,2.714719983
9240,2.121164671
9241,6.461311306
9242,9.466274502
9243,1.260941092
9244,7.76717856
9245,2.121556354
9246,6.653905912
9247,3.028993889
9248,1.110153451
9249,7.824715903
9250,2.14224272
9251,1.864315747
9252,6.595830376
9253,7.010837416
9254,0.829767046
9255,0.863584611
9256,6.841845879
9257,5.552541783
9258,7.615349844
9259,2.576106884
9260,4.117394798
9261,1.844097738
9262,3.698125247
9263,1.885413997
9264,1.252552673
9265,2.558539929
9266,9.219891353
9267,4.147104279
9268,7.589565744
9269,8.481336916
9270,8.658541914
9271,3.263575012
9272,0.088832772
9273,6.695296266
9274,7.634660302
9275,2.122075436
9276,3.582678932
9277,3.330329942
9278,9.665454966
9279,6.223638602
9280,0.904413011
9281,6.130166251
9282,8.592859783
9283,7.577042529
9284,0.225815806
9285,2.299499574
9286,6.694968964
9287,0.191280298
9288,6.675113618
9289,2.326385095
9290,4.421335556
9291,0.93233913
9292,3.268570559
9293,8.656560587
9294,5.238215309
9295,6.712540084
9296,3.013177694
9297,2.569802252
9298,1.60255891
9299,1.933853141
9300,4.513926509
9301,6.168300327
9302,1.242542773
9303,2.48348647
9304,3.987282322
9305,6.176241995
9306,8.817797767
9307,2.297721266
9308,2.232275562
9309,1.987048685
9310,6.519188899
9311,4.084773034
9312,1.160237834
9313,8.569951747
9314,6.944845421
9315,0.814149586
9316,9.05652293
9317,8.281028926
9318,9.02679003
9319,3.008791546
9320,9.576223036
9321,7.566577968
9322,6.590379843
9323,4.450655595
9324,3.601315199
9325,8.433809281
9326,7.935912943
9327,3.293052876
9328,6.143387008
9329,3.90124161
9330,8.946836523
9331,4.598017941
9332,2.549780055
9333,1.973301909
9334,5.809969742
9335,0.970486769
9336,1.914055914
9337,5.96039143
9338,6.112498597
9339,1.299581268
9340,4.256383483
9341,4.667365498
9342,6.994287923
9343,8.427728599
9344,3.655899488
9345,9.956473069
9346,3.732865244
9347,6.226100716
9348,5.85589778
9349,5.36174415
9350,8.607319442
9351,8.702344035
9352,2.19962165
9353,0.369137356
9354,1.354308719
9355,9.858851267
9356,6.805228418
9357,3.772480657
9358,0.735360074
9359,2.137669218
9360,5.972658033
9361,2.419684791
9362,8.39303903
9363,9.321831314
9364,0.018378499
9365,9.975747769
9366,6.866447675
9367,5.3087691
9368,8.749375172
9369,2.075596086
9370,6.052158311
9371,5.732705901
9372,4.485484572
9373,6.685190771
9374,7.73572377
9375,2.834917321
9376,3.137489253
9377,2.708018712
9378,5.256105249
9379,0.107958415
9380,1.722687037
9381,8.134184203
9382,0.464808871
9383,6.364846318
9384,7.896667431
9385,5.049302297
9386,9.061675477
9387,9.08304725
9388,2.921706505
9389,3.787067921
9390,3.950814967
9391,1.544167249
9392,9.296976697
9393,5.541481311
9394,5.664458168
9395,5.441019633
9396,3.090503137
9397,6.026877348
9398,1.127861463
9399,3.855797561
9400,2.048776857
9401,1.850228675
9402,3.709495487
9403,4.981962156
9404,5.702354541
9405,0.210793898
9406,3.106175446
9407,3.941023255
9408,7.59807101
9409,7.116979245
9410,3.291596313
9411,1.218479765
9412,0.081266552
9413,7.928411658
9414,3.851551025
9415,0.913286567
9416,7.418056258
9417,5.960302873
9418,1.303341484
9419,1.281918312
9420,0.812074121
9421,4.533343981
9422,1.994985708
9423,5.801210005
9424,0.866743985
9425,0.594715033
9426,7.218305065
9427,2.872639223
9428,7.187407939
9429,9.216449009
9430,2.234846238
9431,3.427461399
9432,8.132105049
9433,2.894384416
9434,1.155328245
9435,8.831901889
9436,4.48782397
9437,9.373065717
9438,4.444990335
9439,4.772403205
9440,0.176031129
9441,2.392745753
9442,9.399413111
9443,3.390901956
9444,3.412205394
9445,8.680996553
9446,3.254426659
9447,0.968178853
9448,7.888685873
9449,7.520302146
9450,0.378596397
9451,7.318459952
9452,1.036175805
9453,8.005758991
9454,7.392185064
9455,0.45765654
9456,0.335808546
9457,6.20655008
9458,2.645585657
9459,1.897463633
9460,5.947203407
9461,2.753412763
9462,8.29231431
9463,6.411401384
9464,7.487523505
9465,0.791475995
9466,6.730526385
9467,6.377332325
9468,7.390040125
9469,5.486546494
9470,4.047189349
9471,7.016580486
9472,6.076560062
9473,2.720480904
9474,5.038336728
9475,8.449033198
9476,3.298834965
9477,5.247110041
9478,7.473383945
9479,6.204229722
9480,5.587287707
9481,6.149307909
9482,4.145088461
9483,8.555838426
9484,3.087283042
9485,4.558371467
9486,3.057269476
9487,8.222870286
9488,7.216907012
9489,1.811648921
9490,3.636892205
9491,3.264438144
9492,5.841288523
9493,6.063491255
9494,9.748196175
9495,4.671493597
9496,8.037597255
9497,0.758139262
9498,0.1172497
9499,0.699812885
9500,5.606744871
9501,4.011939212
9502,0.900022704
9503,7.779616372
9504,3.561043035
9505,3.458331076
9506,2.712450906
9507,4.554805143
9508,5.406632978
9509,1.384851971
9510,3.096880848
9511,4.851927599
9512,4.03803449
9513,8.562711676
9514,2.227123631
9515,0.686103065
9516,4.829405081
9517,3.44931995
9518,4.40416899
9519,8.624305111
9520,5.943867199
9521,8.376799978
9522,8.792215012
9523,8.483452029
9524,0.623010556
9525,3.919448326
9526,4.489500225
9527,6.471631847
9528,2.58467588
9529,3.221905455
9530,7.736693687
9531,4.047386295
9532,3.693990965
9533,4.369762304
9534,5.150148218
9535,3.487583799
9536,3.980463319
9537,0.015879993
9538,4.709166021
9539,2.193008933
9540,6.811184499
9541,1.625799886
9542,6.809478081
9543,3.36826557
9544,1.218299836
9545,7.870725864
9546,0.271818902
9547,3.999801694
9548,6.562373179
9549,6.41464284
9550,1.118635868
9551,5.292102963
9552,4.2951666
9553,3.334053503
9554,3.66015555
9555,1.576289254
9556,6.232919759
9557,8.863066974
9558,1.026751383
9559,1.650704153
9560,5.507201273
9561,4.819200595
9562,5.177524251
9563,3.34759718
9564,9.770452119
9565,4.714895628
9566,9.929095684
9567,6.991817074
9568,1.69294461
9569,0.953895402
9570,1.31156117
9571,8.627209348
9572,1.606539867
9573,8.714850645
9574,9.020812323
9575,8.293998789
9576,6.234357719
9577,7.19565048
9578,3.690244399
9579,5.495531236
9580,9.630884797
9581,4.536246391
9582,6.950328201
9583,8.803975954
9584,9.25653352
9585,3.324985667
9586,3.251675884
9587,1.152394968
9588,9.441953213
9589,2.257401543
9590,1.064480209
9591,5.891256585
9592,7.790434255
9593,8.244371386
9594,8.934247442
9595,9.11213402
9596,5.713695215
9597,9.473302948
9598,7.676822048
9599,1.446412307
9600,3.884310793
9601,9.656335079
9602,9.128505378
9603,6.367703036
9604,5.268603917
9605,7.290450019
9606,1.502199245
9607,2.503788459
9608,1.451464259
9609,7.89808412
9610,1.320308937
9611,3.773407249
9612,5.890717489
9613,7.360683865
9614,5.3861459
9615,1.903414959
9616,9.597075909
9617,3.517786135
9618,2.073137927
9619,2.700052026
9620,4.475800641
9621,0.509549884
9622,4.361506621
9623,1.645264261
9624,3.667936721
9625,7.1097094
9626,8.903018447
9627,9.453567265
9628,1.118799047
9629,0.100090444
9630,6.102568831
9631,5.314816356
9632,0.744821729
9633,8.6955274
9634,8.828112128
9635,1.692076668
9636,4.448484498
9637,1.360546181
9638,8.246803309
9639,1.408655902
9640,8.362892159
9641,6.586337971
9642,9.273545368
9643,3.10249613
9644,1.792185677
9645,1.348251981
9646,1.316170853
9647,4.886334468
9648,3.732757533
9649,1.85895481
9650,6.32701629
9651,0.482468373
9652,8.459146204
9653,3.897353035
9654,8.510465351
9655,2.471014303
9656,1.177599465
9657,3.111611294
9658,5.593029446
9659,5.761916857
9660,2.812474278
9661,7.895634054
9662,5.151789916
9663,9.206244877
9664,4.238958406
9665,8.421205137
9666,3.498899882
9667,2.68026802
9668,2.075560355
9669,3.128540305
9670,7.086605143
9671,3.888057359
9672,2.856789673
9673,0.497134323
9674,6.26101183
9675,1.323988218
9676,4.240150415
9677,4.846626567
9678,4.243438172
9679,0.68927222
9680,3.954960182
9681,2.612088407
9682,0.114533314
9683,0.979409074
9684,2.618531342
9685,0.053619555
9686,2.993671737
9687,1.912271016
9688,8.391069283
9689,2.591631828
9690,3.485653474
9691,8.883119547
9692,3.20184492
9693,9.026230681
9694,8.660594348
9695,9.137372747
9696,9.585392066
9697,8.845802241
9698,8.395609487
9699,8.358039389
9700,3.195251753
9701,3.215416345
9702,0.25601667
9703,0.390432573
9704,0.870277171
9705,8.454294915
9706,6.754424406
9707,0.969070654
9708,9.206839681
9709,4.949372996
9710,7.332428704
9711,7.91977518
9712,2.604128213
9713,2.50223618
9714,2.197930167
9715,8.99821127
9716,9.91863332
9717,9.942291593
9718,6.63133218
9719,9.745737487
9720,0.265360311
9721,8.555042402
9722,3.355757829
9723,5.983578686
9724,4.924663356
9725,2.81398976
9726,3.849493926
9727,7.407856145
9728,0.649544017
9729,8.123922868
9730,0.238830199
9731,5.425701869
9732,8.610444084
9733,7.349906003
9734,8.748816053
9735,2.368439052
9736,6.373766001
9737,2.945830035
9738,2.547343004
9739,3.551168463
9740,0.38717003
9741,2.656508989
9742,2.195287633
9743,8.026819606
9744,8.665338333
9745,6.056632041
9746,7.202717565
9747,0.38682501
9748,0.867046077
9749,8.569983889
9750,1.350000897
9751,6.468413687
9752,5.341470361
9753,3.23251858
9754,5.687943143
9755,3.876784738
9756,1.49134646
9757,8.670546729
9758,4.336342257
9759,0.242743013
9760,4.955013206
9761,4.460705709
9762,8.535934171
9763,9.779229786
9764,9.273118095
9765,8.616460072
9766,3.068591941
9767,2.829912631
9768,1.6910037
9769,0.474651482
9770,3.801618977
9771,6.071667392
9772,2.25728225
9773,2.864638581
9774,4.576463834
9775,2.303496496
9776,8.905390083
9777,9.60632096
9778,7.202620741
9779,5.7679598
9780,7.118593211
9781,4.338554541
9782,4.428784596
9783,5.457762593
9784,8.529675584
9785,1.553457
9786,1.004699874
9787,7.320549589
9788,3.867311155
9789,1.941352256
9790,6.446121532
9791,1.62043157
9792,7.678087542
9793,8.533345472
9794,8.205302759
9795,7.167625196
9796,2.881666366
9797,5.17433309
9798,3.668100073
9799,6.695356211
9800,7.788873372
9801,2.944365688
9802,1.209484195
9803,0.175513239
9804,3.20761351
9805,9.086419108
9806,1.836604266
9807,5.284818313
9808,2.23494118
9809,2.88652653
9810,7.394315638
9811,8.767397801
9812,1.297409479
9813,7.624526822
9814,7.460065814
9815,7.192993958
9816,8.483638991
9817,9.086633869
9818,3.81035697
9819,3.207333524
9820,8.468026487
9821,3.163657816
9822,1.467791865
9823,1.998593352
9824,6.090245826
9825,2.473108901
9826,9.002570483
9827,1.035477285
9828,0.110134141
9829,6.743430392
9830,1.697077621
9831,7.16672747
9832,7.687344383
9833,0.685082927
9834,3.392453796
9835,8.093622015
9836,8.166906341
9837,7.925360712
9838,9.045953455
9839,9.548562609
9840,0.940120435
9841,1.798558178
9842,4.294517745
9843,4.858968708
9844,4.607586548
9845,2.781695108
9846,9.242843757
9847,8.440891183
9848,7.497539396
9849,5.333840191
9850,0.871385776
9851,4.457527659
9852,3.197489408
9853,7.348595875
9854,3.916146348
9855,0.820804534
9856,8.237346457
9857,6.352650891
9858,4.574515244
9859,4.114045623
9860,5.977449031
9861,7.844849438
9862,8.917661998
9863,3.192763235
9864,6.425887553
9865,7.74030119
9866,5.582707289
9867,8.731947926
9868,5.529026657
9869,4.891618887
9870,9.675796874
9871,3.477243679
9872,5.330437577
9873,6.387758924
9874,7.557719136
9875,3.969753727
9876,6.818839908
9877,4.743141126
9878,4.542890816
9879,3.21296811
9880,2.866001234
9881,9.745575839
9882,3.575998573
9883,1.393577992
9884,7.976861963
9885,5.290704367
9886,5.654119329
9887,0.690220519
9888,5.237674841
9889,9.996202132
9890,1.131085161
9891,4.509436485
9892,0.281810681
9893,4.262440183
9894,4.496981078
9895,2.613547351
9896,9.148790989
9897,9.63515805
9898,4.933587662
9899,1.394548011
9900,7.106021859
9901,9.321417922
9902,5.991068257
9903,5.163696369
9904,2.788457146
9905,2.166760918
9906,8.37439653
9907,5.9390253
9908,3.581745606
9909,8.261524526
9910,4.536706159
9911,7.214008265
9912,5.000691019
9913,6.174793159
9914,8.880460601
9915,1.461597434
9916,0.410752937
9917,5.694415127
9918,1.938448259
9919,7.189825728
9920,5.307167904
9921,7.486104966
9922,5.825924687
9923,4.175397252
9924,0.78393119
9925,6.14699149
9926,2.110119993
9927,1.866325547
9928,3.279516347
9929,9.366018035
9930,2.635531214
9931,2.955730751
9932,7.206050252
9933,8.696228148
9934,2.420896824
9935,1.442585816
9936,3.671136031
9937,7.96538331
9938,1.880538353
9939,0.514146437
9940,3.471390966
9941,3.89678737
9942,4.500428489
9943,5.015281859
9944,5.372969069
9945,7.981604148
9946,4.84922623
9947,8.434961971
9948,7.306352113
9949,0.71897937
9950,8.372144541
9951,5.699981705
9952,9.620929512
9953,4.505843617
9954,6.619191225
9955,8.476101494
9956,7.073048481
9957,8.472825667
9958,0.052661024
9959,6.747798576
9960,0.092651103
9961,1.259866546
9962,2.032694581
9963,3.359122451
9964,4.025122288
9965,0.482972911
9966,6.832420412
9967,2.486242603
9968,9.64713845
9969,8.975602739
9970,9.029368751
9971,0.42832144
9972,9.69410088
9973,9.028104557
9974,4.031638249
9975,2.260409923
9976,6.832987516
9977,7.107250083
9978,4.537915984
9979,8.672558391
9980,7.651254568
9981,5.759935874
9982,3.44599882
9983,4.282061979
9984,2.380157311
9985,7.519454223
9986,9.030661378
9987,5.39525536
9988,7.55532651
9989,2.209904598
9990,8.64149026
9991,7.92999127
9992,9.436519655
9993,0.402529842
9994,1.083889712
9995,9.823539042
9996,3.480181971
9997,4.567903825
9998,0.8141786
9999,0.253518383
10000,9.458242592
10001,1.791814667
10002,7.304259509
10003,7.289539918
10004,8.156201812
10005,0.921803773
10006,2.208242009
10007,8.910111861
10008,1.245034525
10009,7.8285461
10010,9.850710368
10011,5.383631081
10012,1.718903101
10013,6.740050112
10014,1.387732542
10015,5.136072899
10016,2.674697364
10017,2.865449969
10018,0.844943379
10019,8.528430027
10020,2.981014616
10021,0.336269623
10022,7.607763956
10023,0.195346855
10024,2.568513274
10025,5.396617558
10026,8.085111985
10027,1.121545478
10028,0.248679862
10029,3.234263094
10030,0.109071711
10031,9.521060063
10032,4.48007237
10033,1.584318144
10034,5.274175196
10035,6.835543739
10036,0.517896819
10037,5.66640549
10038,3.600386241
10039,6.1458582
10040,1.187740335
10041,6.987033973
10042,9.203075647
10043,5.417118207
10044,1.327163385
10045,7.03441365
10046,5.494584395
10047,9.086933053
10048,1.135169829
10049,4.764477922
10050,8.598183618
10051,8.204272393
10052,3.539111106
10053,9.256802206
10054,3.957985426
10055,0.97231176
10056,3.305157189
10057,2.953428638
10058,7.411214078
10059,8.628176687
10060,8.934195307
10061,9.847109456
10062,1.258258907
10063,5.455181315
10064,8.365808014
10065,2.387357179
10066,6.017167257
10067,9.294861945
10068,4.017287556
10069,3.863694822
10070,3.087221281
10071,1.89339347
10072,8.017637918
10073,6.566031608
10074,4.412394499
10075,4.722117723
10076,4.127629538
10077,4.758096261
10078,4.598202523
10079,7.698138885
10080,7.922684993
10081,5.685297606
10082,4.48172415
10083,2.329070424
10084,1.935526876
10085,4.796243647
10086,9.665583226
10087,3.456334682
10088,8.131655312
10089,1.507626745
10090,5.137822022
10091,9.883530249
10092,0.501524773
10093,3.766532339
10094,8.356604549
10095,5.878757209
10096,6.294576167
10097,0.727040845
10098,8.464003091
10099,7.934311383
10100,1.796133918
10101,9.310372859
10102,1.185678068
10103,5.612455289
10104,5.827959504
10105,7.541796668
10106,7.056974995
10107,5.254957269
10108,0.9371678
10109,8.225153736
10110,7.446252934
10111,3.894384505
10112,3.568724943
10113,9.083729311
10114,2.94236372
10115,6.1936102
10116,1.550612383
10117,9.622065945
10118,6.145579055
10119,4.194380765
10120,2.042563702
10121,2.339818183
10122,9.449318383
10123,9.066659162
10124,7.32155384
10125,5.213266185
10126,9.550269158
10127,0.531855293
10128,9.205352344
10129,5.946587005
10130,2.01781324
10131,2.367797737
10132,1.596662675
10133,5.955019919
10134,2.745955719
10135,9.732788012
10136,0.034166157
10137,3.537022076
10138,5.722455736
10139,0.092434777
10140,0.772272401
10141,6.348065865
10142,7.839750028
10143,8.663654422
10144,7.145978461
10145,6.924338606
10146,4.006628123
10147,1.773237269
10148,2.97803181
10149,3.920516351
10150,1.693954358
10151,2.925257559
10152,8.166153317
10153,6.285368803
10154,1.39290349
10155,5.174290582
10156,9.207313756
10157,2.635681365
10158,6.330997177
10159,8.506332885
10160,1.629247168
10161,9.981745905
10162,8.313840624
10163,7.519100623
10164,6.280487494
10165,0.94965826
10166,3.783227143
10167,7.347592463
10168,8.452141943
10169,8.046971251
10170,9.548970082
10171,7.169307734
10172,9.927158668
10173,7.202721147
10174,1.862893115
10175,2.804103204
10176,9.773910888
10177,6.537038963
10178,2.243361761
10179,9.817842742
10180,4.851852722
10181,9.250820824
10182,4.245531521
10183,8.52235251
10184,3.21848698
10185,8.722642659
10186,7.917932072
10187,9.445747442
10188,7.59222065
10189,7.837503108
10190,5.918864968
10191,3.905821723
10192,5.433588759
10193,6.169950492
10194,4.501778445
10195,1.461895963
10196,3.046159151
10197,1.764277378
10198,1.345214257
10199,6.011365169
10200,5.786903838
10201,3.343425422
10202,6.083417985
10203,3.524855948
10204,6.228636526
10205,6.568317786
10206,2.880426074
10207,2.788891995
10208,1.037413298
10209,8.199353294
10210,1.978822082
10211,5.574274679
10212,3.838736354
10213,4.562108249
10214,1.38352146
10215,9.71490233
10216,7.599444572
10217,1.311073243
10218,4.05414982
10219,5.50909729
10220,7.799370557
10221,5.156547157
10222,7.969568416
10223,7.787260313
10224,3.930742361
10225,4.984504236
10226,0.590423494
10227,3.970816515
10228,6.178478596
10229,2.07942817
10230,7.569932553
10231,1.449284702
10232,3.983806383
10233,7.053092775
10234,3.607241376
10235,5.094010433
10236,5.674228408
10237,2.582250923
10238,5.736729026
10239,5.476935583
10240,3.294360579
10241,5.3731489
10242,2.252344899
10243,6.349051107
10244,8.035386014
10245,0.621955977
10246,3.081601272
10247,7.460145382
10248,5.342313575
10249,3.92831951
10250,0.141565754
10251,0.359237763
10252,5.165666348
10253,4.237104724
10254,3.684689764
10255,0.818664575
10256,0.453731285
10257,7.065328842
10258,7.264700546
10259,3.296568555
10260,2.076020419
10261,3.471029621
10262,6.394898506
10263,5.853410185
10264,2.591283749
10265,4.391928589
10266,7.809266065
10267,4.353444279
10268,1.387479745
10269,2.693690554
10270,7.046238333
10271,4.284413498
10272,4.526550212
10273,0.488109237
10274,4.698716293
10275,7.935049536
10276,4.540449064
10277,0.727571895
10278,1.777860091
10279,3.136298247
10280,2.39732129
10281,1.443691223
10282,0.233875566
10283,8.939246172
10284,2.19206357
10285,3.229897092
10286,9.058704302
10287,7.710325553
10288,5.205468669
10289,6.526500721
10290,3.773868699
10291,6.841729389
10292,9.517809225
10293,9.236742541
10294,2.664767306
10295,1.626238295
10296,2.066019949
10297,0.270634756
10298,3.045528912
10299,5.41850908
10300,4.180589361
10301,5.940256827
10302,6.070097578
10303,2.789090482
10304,5.061475616
10305,8.821618959
10306,5.46880974
10307,0.575870176
10308,8.257962818
10309,2.198022025
10310,7.873533388
10311,4.395525081
10312,0.5781966
10313,4.666521889
10314,4.061162065
10315,0.550394986
10316,3.81495296
10317,1.614922456
10318,3.045569585
10319,5.342570774
10320,9.995158402
10321,9.218616242
10322,5.247657874
10323,8.708638988
10324,6.434435176
10325,6.965452078
10326,0.516985865
10327,5.560128829
10328,4.979485491
10329,1.696556398
10330,3.231206848
10331,8.884085698
10332,5.737858526
10333,5.667952198
10334,3.365264877
10335,1.408819405
10336,8.196904972
10337,7.901286014
10338,3.413736445
10339,2.985232298
10340,1.428217902
10341,3.426903286
10342,5.200503493
10343,9.14771627
10344,1.523334351
10345,8.075750244
10346,1.602547819
